Additional Parts (Not Mouser).  Delete this section for upload to Mouser,,,,,,,,,,,,,,
Reference,Value,Footprint,Datasheet,Comment,Description,EU_RoHS_Compliance,Height,LCSC Part #,Manufacturer_Name,Manufacturer_Part_Number,Modified,Mouser Part Number,Mouser Price/Stock,Qty
HY200,VIDIOT,,,,Video Hybrid,,,,MOS Technology,390229-0x,,,,1
U102,GARY,,,,5719,,,,MOS Technology,318072-01,,,,1
U200,PAULA,,,,8364R7,,,,MOS Technology,252127-02,,,,1
U201,DENISE,,,,8362/8373,,,,MOS Technology,252126-02/390433-02,,,,1
U800,BUSTER,,,,5731,,,,MOS Technology,318075-02,,,,1
"U300, U301",CIA,,,,8520A-1,,,,MOS Technology,391078-0x,,,,2
U500,ROM,,,,27C400,,,,Various,,,,,1
U801,MSM6242,,https://pdf1.alldatasheet.com/datasheet-pdf/download/11259/OKI/MSM6242B.html,,Real Time Clock,,,,OKI,MSM6242,,,,1
,,,,,,,,,,,,,,
Reference,Value,Footprint,Datasheet,Comment,Description,EU_RoHS_Compliance,Height,LCSC Part #,Manufacturer_Name,Manufacturer_Part_Number,Modified,Mouser Part Number,Mouser Price/Stock,Qty
BT800,CR1220,SMD2000_Footprints:S8411-45R_1,https://cdn.harwin.com/pdfs/S8411R.pdf,,,,,C9900008699,Harwin,S8411-45R,,855-S8411-45R,https://www.mouser.co.uk/ProductDetail/Harwin/S8411-45R?qs=Qom7kyPojXY6B0JhnWxDgQ%3D%3D,1
"C101, C222, C223, C402-C406, C408, C412, C420-C422, C471",47 uF,SMD2000_Footprints:EEE0GA101SR,http://industrial.panasonic.com/cdbs/www-data/pdf/RDE0000/ABA0000C1142.pdf,,Cap Aluminum Lytic 47uF 16V 20% (5 X 5.4mm) SMD 39mA 1000h 85C Automotive T/R,,6.5,C178500,Panasonic,EEE-1CA470WAR,,667-EEE-1CA470WAR,https://www.mouser.co.uk/ProductDetail/Panasonic/EEE-1CA470WAR?qs=d1CqaRUMZD%2FiYn4JMv7QWw%3D%3D,14
"C102-C108, C200, C202, C203, C205, C206, C230, C234, C240, C244, C300-C303, C305, C351, C360, C361, C450, C451, C600-C605, C607, C800, C802-C805, C812, C815, C900, C901, C903, C906, C909, C910, C915, C916, C918, C919, C1201-C1205, C1251",0.1 uF,Capacitor_SMD:C_0805_2012Metric_Pad1.18x1.45mm_HandSolder,http://datasheets.avx.com/X7RDielectric.pdf,,"0805 X7R ceramic capacitor,100nF 50V AVX 0805 Standard 100nF Ceramic Multilayer Capacitor, 50 V dc, +125degC, X7R Dielectric,  /-10% SMD",,0.94,C123316,AVX,08055C104KAT2A,,581-08055C104K,https://www.mouser.co.uk/ProductDetail/AVX/08055C104KAT2A?qs=2ujN4bDBNE9mJvapP%252BjopA%3D%3D,56
"C201, C219-C221, C500",0.22uF,Capacitor_SMD:C_0805_2012Metric_Pad1.18x1.45mm_HandSolder,http://datasheets.avx.com/X7RDielectric.pdf,,"0805 X7R ceramic capacitor,0.22uF 50V AVX 0805 Standard 100nF Ceramic Multilayer Capacitor, 50 V dc, +125degC, X7R Dielectric,  /-10% SMD",,0.94,,AVX,08053C224K4T2A,,581-08053C224K4T2A,https://au.mouser.com/ProductDetail/KYOCERA-AVX/08053C224K4T2A?qs=MaXcIz3NWU%252Bt3orNT4zafw%3D%3D,5
"C204, C401, C407, C409, C413, C472",0.01 uF,Capacitor_SMD:C_0805_2012Metric_Pad1.18x1.45mm_HandSolder,https://componentsearchengine.com/Datasheets/1/0805YC473KAT2A.pdf,,Capacitor 0805 0.01UF +/-10% 16V,,,,AVX,0805YC103KAT4A,,581-0805YC103KAT4A,https://au.mouser.com/ProductDetail/KYOCERA-AVX/0805YC103KAT4A?qs=0j3vzYx9OgSOvplKldyO1Q%3D%3D,6
C210-C213,0.047 uF,Capacitor_SMD:C_0805_2012Metric_Pad1.18x1.45mm_HandSolder,https://componentsearchengine.com/Datasheets/1/0805YC473KAT2A.pdf,,Capacitor 0805 0.047UF +/-10% 16V,,,,AVX,0805YC473KAT2A,,581-0805YC473K,https://www.mouser.com/Search/Refine.aspx?Keyword=581-0805YC473K,4
"C214, C225, C226, C912",470 uF,SMD2000_Footprints:EEE-1EA471UAP,http://industrial.panasonic.com/cdbs/www-data/pdf/RDE0000/ABA0000C1142.pdf,,"PANASONIC - EEE-1EA471UAP - SMD Aluminum Electrolytic Capacitor, Radial Can - SMD, 470 F, 25 V, S Series, 2000 hours @ 85C",,,C336541,Panasonic,EEE-1EA471UAP,,667-EEE-1EA471UAP,https://www.mouser.co.uk/ProductDetail/Panasonic/EEE-1EA471UAP?qs=d1CqaRUMZD8omPdhpIp4IQ%3D%3D,4
"C224, C415, C811",4.7 uF,SMD2000_Footprints:EEE1AA220WR,http://industrial.panasonic.com/cdbs/www-data/pdf/RDE0000/ABA0000C1142.pdf,,Cap Aluminum Lytic 4.7uF 50V 20% (4 X 5.4mm) SMD 18mA 1000h 85C Automotive T/R,,5.5,C336729,Panasonic,EEE-1HA4R7WAR,,667-EEE-1HA4R7WAR,https://au.mouser.com/ProductDetail/Panasonic/EEE-1HA4R7WAR?qs=d1CqaRUMZD%2FQfKz6dMeWdw%3D%3D,3
"C231, C241",6800 pF,Capacitor_SMD:C_0805_2012Metric_Pad1.18x1.45mm_HandSolder,,,Multilayer Ceramic Capacitors MLCC - SMD/SMT 50V 6800pF X7R 0805 10% Tol,,0.94,C597425,AVX,08055C682KAT2A,,581-08055C682K,https://www.mouser.co.uk/ProductDetail/AVX/08055C682KAT2A?qs=wrGVMSTfBskTBQdegZmEHA%3D%3D,2
"C232, C242",3900 pF,Capacitor_SMD:C_0805_2012Metric_Pad1.18x1.45mm_HandSolder,https://www.arrow.com/en/products/08055c392kat2a/avx,,Cap Ceramic 0.0039uF 50V X7R 10% Pad SMD 0805 125C T/R,,0.94,C2181318,AVX,08055C392KAT2A,,581-08055C392K,https://www.mouser.co.uk/ProductDetail/AVX/08055C392KAT2A?qs=FObrNSbSblfLejKoKFqNfg%3D%3D,2
"C233, C243, C813, C814, C1206",22 uF,SMD2000_Footprints:EEE0GA101SR,https://componentsearchengine.com/Datasheets/1/EEE-1VA220WAR.pdf,,Cap Aluminum Lytic 22uF 35V 20% (5 X 5.4mm) SMD 36mA 1000h 85C Automotive T/R,,6.5,C336455,Panasonic,EEE-1VA220WAR,,667-EEE-1VA220WAR,https://www.mouser.com/Search/Refine.aspx?Keyword=667-EEE-1VA220WAR,5
"C259-C261, C904, C905, C907, C914, C920",100 pF,Capacitor_SMD:C_0805_2012Metric_Pad1.18x1.45mm_HandSolder,https://componentsearchengine.com/Datasheets/1/06031A100FAT2A.pdf,,"0805 C0G ceramic capacitor,100pF 50V AVX 0805 Standard 100pF Ceramic Multilayer Capacitor, 50 V dc C0G Dielectric +/-5% SMD",,0.94,C2167403,AVX,08055A101JAT2A,,581-08055A101J,https://www.mouser.co.uk/ProductDetail/AVX/08055A101JAT2A?qs=o9qE778H9QGBR%2FfSpI%2FCIw%3D%3D,8
C350,1 uF,Capacitor_SMD:C_0805_2012Metric_Pad1.18x1.45mm_HandSolder,https://componentsearchengine.com/Datasheets/2/08055C105KAT2A.pdf,,"MLCC Capacitor 1uF 0805 X7R 10% 50V AVX 0805 Standard 1uF Ceramic Multilayer Capacitor, 50 V, +125C, X7R Dielectric, +/-10%",,1.4,C2167382,AVX,08055C105KAT2A,,581-08055C105KAT2A,https://www.mouser.co.uk/ProductDetail/AVX/08055C105KAT2A?qs=2ujN4bDBNE9BNQHBgLvfKA%3D%3D,1
"C400, C416, C470",220 uF,SMD2000_Footprints:EEHZT1E331UP,https://componentsearchengine.com/Datasheets/1/EEE-1EA221UAP.pdf,,"Panasonic 220F 25V dc Aluminium Electrolytic Capacitor, Surface Mount 8 x 10.2mm +85C 8mm 10.2mm",,10.8,C336328,Panasonic,EEE-1EA221UAP,,667-EEE-1EA221UAP,https://www.mouser.com/Search/Refine.aspx?Keyword=667-EEE-1EA221UAP,3
C452,4.7 uF,Capacitor_SMD:C_0805_2012Metric_Pad1.18x1.45mm_HandSolder,https://au.mouser.com/datasheet/2/40/KGM_X7R-3223212.pdf,,Multilayer Ceramic Capacitors MLCC - SMD/SMT KGM21AR71E475KU NEW GLOBAL PN 25V 4.7uF X7R 0805 10%,,1.4,,AVX,08053C475KAT2A,,581-08053C475KAT2A,https://au.mouser.com/ProductDetail/KYOCERA-AVX/08053C475KAT2A?qs=ZBeOGGPQgEF8AwTFFr2g8w%3D%3D,1
"C460, C461",10 uF,SMD2000_Footprints:EEE1AA220WR,http://industrial.panasonic.com/cdbs/www-data/pdf/RDE0000/ABA0000C1142.pdf,,"PANASONIC ELECTRONIC COMPONENTS - EEE1EA100WAR - CAP, ALU ELEC, 10UF, 25V, SMD",,5.5,C336730,Panasonic,EEE-1EA100WAR,,667-EEE-1EA100WAR,https://www.mouser.co.uk/ProductDetail/Panasonic/EEE-1EA100WAR?qs=d1CqaRUMZD8IzJai8yeTmQ%3D%3D,2
"C617, C619-C633, C635, C637, C639, C641, C645, C647, C649-C652, C654, C655, C657-C674, C678",1000 pF,Capacitor_SMD:C_0805_2012Metric_Pad1.18x1.45mm_HandSolder,https://spicat.kyocera-avx.com/product/mlcc/chartview/08055C102KAT2A/DataSheet/X7R,,"0805 X7R ceramic capacitor,1nF 50V AVX 0805 Standard 1nF Ceramic Multilayer Capacitor, 50 V dc, +125C, X7R Dielectric, +/-10% SMD",,0.94,C2167121,AVX,08055C102KAT2A,,581-08055C102K,https://www.mouser.co.uk/ProductDetail/AVX/08055C102KAT2A?qs=m1SnNO%2FH6BdUeLRSfRyJzA%3D%3D,47
C810,18 pF,Capacitor_SMD:C_0805_2012Metric_Pad1.18x1.45mm_HandSolder,https://componentsearchengine.com/Datasheets/1/08055A180KAT4A.pdf,,"Capacitor, 0805 18pF +/-10% 50V",,,C2209310,AVX,08055A180KAT4A,,581-08055A180KAT4A,https://www.mouser.com/Search/Refine.aspx?Keyword=581-08055A180KAT4A,1
"C908, C913, C1252",47 pF,Capacitor_SMD:C_0805_2012Metric_Pad1.18x1.45mm_HandSolder,https://au.mouser.com/datasheet/2/40/C0GNP0_KGM-3216332.pdf,,"Capacitor, 0805 47pF +/-10% 50V",,,C2209271,AVX,08055A470KAT4A,,581-08055A470KAT4A,https://au.mouser.com/ProductDetail/KYOCERA-AVX/08055A470KAT4A?qs=puY0Jq7LBATPo1cS1%252BxjXg%3D%3D,3
CE218,0.22uF,Capacitor_SMD:C_0805_2012Metric_Pad1.18x1.45mm_HandSolder,http://datasheets.avx.com/X7RDielectric.pdf,,"0805 X7R ceramic capacitor,0.22uF 50V AVX 0805 Standard 100nF Ceramic Multilayer Capacitor, 50 V dc, +125degC, X7R Dielectric,  /-10% SMD",,0.94,,AVX,08053C224K4T2A,,581-08053C224K4T2A,https://au.mouser.com/ProductDetail/KYOCERA-AVX/08053C224K4T2A?qs=MaXcIz3NWU%252Bt3orNT4zafw%3D%3D,1
CE230-CE237,6800 pF,Capacitor_SMD:C_0805_2012Metric_Pad1.18x1.45mm_HandSolder,,,Multilayer Ceramic Capacitors MLCC - SMD/SMT 50V 6800pF X7R 0805 10% Tol,,0.94,C597425,AVX,08055C682KAT2A,,581-08055C682K,https://www.mouser.co.uk/ProductDetail/AVX/08055C682KAT2A?qs=wrGVMSTfBskTBQdegZmEHA%3D%3D,8
"CE238-CE243, CE327, CE329-CE331",470 pF,Capacitor_SMD:C_0805_2012Metric_Pad1.18x1.45mm_HandSolder,http://datasheets.avx.com/C0GNP0-Dielectric.pdf,,"AVX 0805 Standard 470pF Ceramic Multilayer Capacitor, 50 V dc, +125",,0.94,,AVX,08055A471JAT2A,,581-08055A471J,https://www.mouser.co.uk/ProductDetail/AVX/08055A471JAT2A?qs=puY0Jq7LBATs%2FWzMvXMJew%3D%3D,10
"CE300-CE309, CE326, CE328, CE333, CE335-CE338",100 pF,Capacitor_SMD:C_0805_2012Metric_Pad1.18x1.45mm_HandSolder,https://componentsearchengine.com/Datasheets/1/06031A100FAT2A.pdf,,"0805 C0G ceramic capacitor,100pF 50V AVX 0805 Standard 100pF Ceramic Multilayer Capacitor, 50 V dc C0G Dielectric +/-5% SMD",,0.94,C2167403,AVX,08055A101JAT2A,,581-08055A101J,https://www.mouser.co.uk/ProductDetail/AVX/08055A101JAT2A?qs=o9qE778H9QGBR%2FfSpI%2FCIw%3D%3D,17
"CE310, CE325",0.01 uF,Capacitor_SMD:C_0805_2012Metric_Pad1.18x1.45mm_HandSolder,https://componentsearchengine.com/Datasheets/1/0805YC473KAT2A.pdf,,Capacitor 0805 0.01UF +/-10% 16V,,,,AVX,0805YC103KAT4A,,581-0805YC103KAT4A,https://au.mouser.com/ProductDetail/KYOCERA-AVX/0805YC103KAT4A?qs=0j3vzYx9OgSOvplKldyO1Q%3D%3D,2
CN101,AGNUS BOARD,Connector_PinHeader_2.54mm:PinHeader_2x40_P2.54mm_Vertical,https://au.mouser.com/datasheet/2/1/29b4744faceffeb20158dc55b88f3486ed430ebb-2951472.pdf,,,,,,3M Electronic Solutions Division,2380-5121TG,,517-5121TG,https://au.mouser.com/ProductDetail/3M-Electronic-Solutions-Division/2380-5121TG?qs=R%252Bzptqw7cJJxsJY6QmKGJA%3D%3D,1
CN201,MOUSE,SMD2000_Footprints:L717SDE09PA4CH3F,https://cdn.amphenol-cs.com/media/wysiwyg/files/drawing/l717sdxxxpa4ch3f.pdf,,"Dsub, Stamped Signal 3A, Right Angle PCB Through Hole, FP=8.08mm (0.318in), Row Pitch 2.84mm, 09 Pin, Flash Gold, Bright Tin Shell+Grounding Dimples, M3 Front Screwlock, Ground Tab with Boardlock",,12.85,,Amphenol Communications Solutions,L717SDE09PA4CH3F,,523-L717SDE09PA4CH3F ,https://au.mouser.com/ProductDetail/Amphenol-Commercial-Products/L717SDE09PA4CH3F?qs=wLKqLMNa9uLgFYcuuVUbXg%3D%3D,1
CN204,AUDIO,SMD2000_Footprints:RCJ2221,https://www.cuidevices.com/product/resource/digikeypdf/rcj-22xx.pdf,,Conn RCA RCP 2 POS 4mm Solder RA Thru-Hole 3 Terminal 2 Port,,27.4,C4991581,CUI Devices,RCJ-2223,,490-RCJ-2223,https://www.mouser.co.uk/ProductDetail/CUI-Devices/RCJ-2223?qs=WyjlAZoYn50wV0WbOL8WfA%3D%3D,1
CN250,JOYSTICK,SMD2000_Footprints:PinHeader_2x05_P2.54mm_Vertical_Top_Bottom,https://cdn.amphenol-cs.com/media/wysiwyg/files/documentation/datasheet/boardwiretoboard/bwb_bergstik.pdf,,,,,,Amphenol FCI,67997-410HLF,,649-67997-410HLF,https://au.mouser.com/ProductDetail/Amphenol-FCI/67997-410HLF?qs=EEeFj3a206OMu9AFYw1RTQ%3D%3D,1
CN251,MOUSE,SMD2000_Footprints:PinHeader_2x05_P2.54mm_Vertical_Top_Bottom,https://cdn.amphenol-cs.com/media/wysiwyg/files/documentation/datasheet/boardwiretoboard/bwb_bergstik.pdf,,,,,,Amphenol FCI,67997-410HLF,,649-67997-410HLF,https://au.mouser.com/ProductDetail/Amphenol-FCI/67997-410HLF?qs=EEeFj3a206OMu9AFYw1RTQ%3D%3D,1
CN300,KEYBOARD,SMD2000_Footprints:SDF50J,https://www.cuidevices.com/product/resource/sdf-j.pdf,,Conn Circular DIN SKT 5 POS Solder RA Thru-Hole 5 Terminal 1 Port,,21.5,,CUI Devices,SDF-50J,,490-SDF-50J,https://www.mouser.co.uk/ProductDetail/CUI-Devices/SDF-50J?qs=WyjlAZoYn50bYX9%252BKt7ljQ%3D%3D,1
CN301,PARALLEL,Connector_PinHeader_2.54mm:PinHeader_2x13_P2.54mm_Vertical,https://cdn.amphenol-cs.com/media/wysiwyg/files/documentation/datasheet/boardwiretoboard/bwb_bergstik.pdf,,,,,,Amphenol FCI,67996-426HLF,,649-67996-426HLF,https://au.mouser.com/ProductDetail/Amphenol-FCI/67996-426HLF?qs=QKvFUfBIyQJ%2F0pFrKp20QQ%3D%3D,1
CN303,FLOPPY,Connector_PinHeader_2.54mm:PinHeader_2x17_P2.54mm_Vertical,https://cdn.amphenol-cs.com/media/wysiwyg/files/documentation/datasheet/boardwiretoboard/bwb_bergstik.pdf,,,,,,Amphenol FCI,67996-434HLF,,649-67996-434HLF,https://au.mouser.com/ProductDetail/Amphenol-FCI/67996-434HLF?qs=QKvFUfBIyQKJg0WZsSdJsw%3D%3D,1
CN305,SERIAL,SMD2000_Footprints:L717SDE09PA4CH3F,https://cdn.amphenol-cs.com/media/wysiwyg/files/drawing/l717sdxxxpa4ch3f.pdf,,"Dsub, Stamped Signal 3A, Right Angle PCB Through Hole, FP=8.08mm (0.318in), Row Pitch 2.84mm, 09 Pin, Flash Gold, Bright Tin Shell+Grounding Dimples, M3 Front Screwlock, Ground Tab with Boardlock",,12.85,,Amphenol Communications Solutions,L717SDE09PA4CH3F,,523-L717SDE09PA4CH3F ,https://au.mouser.com/ProductDetail/Amphenol-Commercial-Products/L717SDE09PA4CH3F?qs=wLKqLMNa9uLgFYcuuVUbXg%3D%3D,1
CN306,POWER LED,Connector_PinHeader_2.54mm:PinHeader_1x03_P2.54mm_Vertical,https://cdn.amphenol-cs.com/media/wysiwyg/files/documentation/datasheet/boardwiretoboard/bwb_econostik_254headers.pdf,,Headers & Wire Housings 2.54MM VT ECONOSTIK HDR,,,,Amphenol FCI,10129378-903001BLF,,649-1012937890301BLF,https://au.mouser.com/ProductDetail/Amphenol-FCI/10129378-903001BLF?qs=0lQeLiL1qybuYTJnitumiA%3D%3D,1
CN350,A500KBD,Connector_PinHeader_2.54mm:PinHeader_1x08_P2.54mm_Vertical,https://cdn.amphenol-cs.com/media/wysiwyg/files/documentation/datasheet/boardwiretoboard/bwb_econostik_254headers.pdf,,Headers & Wire Housings ECONOSTIK HEADER SR VT TH 1X8,,,,Amphenol FCI,10129378-908001BLF,,649-1012937890801BLF,https://au.mouser.com/ProductDetail/Amphenol-FCI/10129378-908001BLF?qs=0lQeLiL1qybDtVkZc9V5DA%3D%3D,1
CN400,POWER,SMD2000_Footprints:44206-0007_1,https://www.molex.com/pdm_docs/sd/442060001_sd.pdf,,"Mini-Fit Jr. Header, Dual Row, Vertical, with 11.90mm Locking Ramp, 24 Circuits, with Peg 2 Snap-in Plastic Peg",,12.8,,Molex,44206-0007,,538-44206-0007,https://www.mouser.co.uk/ProductDetail/Molex/44206-0007?qs=g5f4E6w8l8gzEjxCgQ0R8g%3D%3D,1
CN450,POWERSW,Connector_PinHeader_2.54mm:PinHeader_1x03_P2.54mm_Vertical,https://cdn.amphenol-cs.com/media/wysiwyg/files/documentation/datasheet/boardwiretoboard/bwb_econostik_254headers.pdf,,Headers & Wire Housings 2.54MM VT ECONOSTIK HDR,,,,Amphenol FCI,10129378-903001BLF,,649-1012937890301BLF,https://au.mouser.com/ProductDetail/Amphenol-FCI/10129378-903001BLF?qs=0lQeLiL1qybuYTJnitumiA%3D%3D,1
CN451-CN453,3.3 v,Connector_PinHeader_2.54mm:PinHeader_1x03_P2.54mm_Vertical,https://cdn.amphenol-cs.com/media/wysiwyg/files/documentation/datasheet/boardwiretoboard/bwb_econostik_254headers.pdf,,Headers & Wire Housings 2.54MM VT ECONOSTIK HDR,,,,Amphenol FCI,10129378-903001BLF,,649-1012937890301BLF,https://au.mouser.com/ProductDetail/Amphenol-FCI/10129378-903001BLF?qs=0lQeLiL1qybuYTJnitumiA%3D%3D,3
"CN519, CN520",A19_ROMSW,Connector_PinHeader_2.54mm:PinHeader_1x02_P2.54mm_Vertical,https://cdn.amphenol-cs.com/media/wysiwyg/files/documentation/datasheet/boardwiretoboard/bwb_bergstik.pdf,,,,,,Amphenol FCI,67996-400HLF,,649-67996-400HLF,https://au.mouser.com/ProductDetail/Amphenol-FCI/67996-400HLF?qs=cpLrBgdhsoHypZ881pDXnQ%3D%3D,2
CN600,CPU Card,SMD2000_Footprints:TE_1-5530843-0,https://www.te.com/commerce/DocumentDelivery/DDEController?Action=srchrtrv&DocNm=5530843&DocType=Customer+Drawing&DocLang=English&PartCntxt=1-5530843-0&DocFormat=pdf,1-5530843-0,,Compliant,,C4693071,TE Connectivity / AMP,1-5530843-0,,571-1-5530843-0,https://au.mouser.com/ProductDetail/TE-Connectivity-AMP/1-5530843-0?qs=uJX40y%252BSWqjthdq8B1k%252BaA%3D%3D,1
CN601,Zorro,SMD2000_Footprints:TE_5645235-3,https://www.te.com/commerce/DocumentDelivery/DDEController?Action=srchrtrv&DocNm=5645235&DocType=Customer+Drawing&DocLang=English&PartCntxt=5645235-3&DocFormat=pdf,5645235-3,,Compliant,,C4659716,TE Connectivity / AMP,5645235-3,,571-5645235-3,https://au.mouser.com/ProductDetail/TE-Connectivity-AMP/5645235-3?qs=sGAEpiMZZMvlX3nhDDO4AEduDnuFsUTor0qTwr7IQwc%3D,1
CN606,IPL,Connector_PinHeader_2.54mm:PinHeader_1x04_P2.54mm_Vertical,https://cdn.amphenol-cs.com/media/wysiwyg/files/documentation/datasheet/boardwiretoboard/bwb_econostik_254headers.pdf,,Headers & Wire Housings ECONOSTIK HEADER SR VT TH 1X4,,,,Amphenol FCI,10129378-904002BLF,,649-1012937890402BLF,https://au.mouser.com/ProductDetail/Amphenol-FCI/10129378-904002BLF?qs=0lQeLiL1qyaw2kaC5TTjqQ%3D%3D,1
CN650,CPU_EXT,Connector_PinHeader_2.54mm:PinHeader_1x07_P2.54mm_Vertical,https://cdn.amphenol-cs.com/media/wysiwyg/files/documentation/datasheet/boardwiretoboard/bwb_econostik_254headers.pdf,,Headers & Wire Housings ECONOSTIK HEADER SR VT TH 1X7,,,,Amphenol FCI,10129378-907003BLF,,649-1012937890703BLF ,https://au.mouser.com/ProductDetail/Amphenol-FCI/10129378-907003BLF?qs=0lQeLiL1qyaQcjBpJILP3A%3D%3D,1
CN950,FLOPPY_EXT,Connector_PinHeader_2.54mm:PinHeader_1x04_P2.54mm_Vertical,https://cdn.amphenol-cs.com/media/wysiwyg/files/documentation/datasheet/boardwiretoboard/bwb_econostik_254headers.pdf,,Headers & Wire Housings ECONOSTIK HEADER SR VT TH 1X4,,,,Amphenol FCI,10129378-904002BLF,,649-1012937890402BLF,https://au.mouser.com/ProductDetail/Amphenol-FCI/10129378-904002BLF?qs=0lQeLiL1qyaw2kaC5TTjqQ%3D%3D,1
CN1201,15 Pin Video,SMD2000_Footprints:1563315E,https://www.mouser.ch/datasheet/2/209/KC-301179-193296.pdf,,,,12.5,,Kobiconn,156-3315-E,,156-3315-E,https://www.mouser.co.uk/ProductDetail/Kobiconn/156-3315-E?qs=RC2ne4458IJMP%252Bd8Z1f5lQ%3D%3D,1
CN1202,ANALOGUE VIDEO,Connector_PinHeader_2.54mm:PinHeader_1x08_P2.54mm_Vertical,https://cdn.amphenol-cs.com/media/wysiwyg/files/documentation/datasheet/boardwiretoboard/bwb_econostik_254headers.pdf,,Headers & Wire Housings ECONOSTIK HEADER SR VT TH 1X8,,,,Amphenol FCI,10129378-908001BLF,,649-1012937890801BLF,https://au.mouser.com/ProductDetail/Amphenol-FCI/10129378-908001BLF?qs=0lQeLiL1qybDtVkZc9V5DA%3D%3D,1
CN1250,Raspberry Pi Zero,SMD2000_Footprints:PinSocket_2x20_P2.54mm_Vertical,https://au.mouser.com/datasheet/2/813/DS-16763-2_X_20_Pin_Extended_GPIO_Header_-_Female_-1880586.pdf,,,,,,Spark-Fun,PRT-16763,,474-PRT-16763,https://au.mouser.com/ProductDetail/SparkFun/PRT-16763?qs=W%2FMpXkg%252BdQ5xeCq%2FGKjnlQ%3D%3D,1
"CN1251, CN1252",PI BTN,Connector_PinHeader_2.54mm:PinHeader_1x02_P2.54mm_Vertical,https://cdn.amphenol-cs.com/media/wysiwyg/files/documentation/datasheet/boardwiretoboard/bwb_bergstik.pdf,,,,,,Amphenol FCI,67996-400HLF,,649-67996-400HLF,https://au.mouser.com/ProductDetail/Amphenol-FCI/67996-400HLF?qs=cpLrBgdhsoHypZ881pDXnQ%3D%3D,2
"D300, D353, D800-D802",1N4148WS,SMD2000_Footprints:SODFL2512X90N,,,"ON Semiconductor Switching Diode, 300mA 75V, 2-Pin SOD-323 1N4148WS",,0.9,C118873,onsemi,1N4148WS,,512-1N4148WS,https://www.mouser.co.uk/ProductDetail/onsemi-Fairchild/1N4148WS?qs=2%2FYqgE%252BHg%252BKBrKZlAsMLhw%3D%3D,5
D360,BLUE,SMD2000_Footprints:LEDC2012X80N,https://katalog.we-online.com/led/datasheet/150080BS75000.pdf,,"LED,Wurth Elektronik,150080BS75000 Wurth Elektronik 150080BS75000, WL-SMCW Series Blue LED, 470 nm 2012 (0805) Clear, Rectangle Lens SMD package",,0.8,C9900019499,Wurth Elektronik,150080BS75000,,710-150080BS75000,https://www.mouser.co.uk/ProductDetail/Wurth-Elektronik/150080BS75000?qs=2kOmHSv6VfT2tBo3UPVqAQ%3D%3D,1
D803,BAT54WS,SMD2000_Footprints:SOD2513X120N,https://au.mouser.com/datasheet/2/115/DIOD_S_A0004140728_1-2542383.pdf,,"Diodes Inc BAT54WS-7-F, SMT Schottky Switching Diode, 30V 200mA, 5ns, 2-Pin SOD-323",,1.2,C124205,Diodes Inc.,BAT54WS-7-F,,621-BAT54WS-F,https://www.mouser.co.uk/ProductDetail/Diodes-Incorporated/BAT54WS-7-F?qs=BJo294706GxanB6a%2FKrrdw%3D%3D,1
E1-E4,MountingHole_Pad,MountingHole:MountingHole_4mm_Pad_Via,~,,,,,,,,,,,4
"EMI200, EMI229",100 pF,SMD2000_Footprints:W2H11A10184T1F,https://au.mouser.com/datasheet/2/40/MultilayerFeedthruCapacitorsAndArrays-3161979.pdf,,,,1.14,,Kyocera AVX,W2H11A10184T1F,,581-W2H11A10184T1F,https://www.mouser.com/Search/Refine.aspx?Keyword=581-W2H11A10184T1F,2
"FB102, FB301-FB303, FB401, FB907, FB1201-FB1205",FB,Resistor_SMD:R_1206_3216Metric_Pad1.30x1.75mm_HandSolder,https://fair-rite.com/product/chip-beads-2512061517y3/#select:onepart,,,,,C6401928,Fair-Rite,2512061217Y5,,623-2512061217Y5,https://au.mouser.com/ProductDetail/Fair-Rite/2512061217Y5?qs=paL1wOLBYNdLzI%2FVPVZ0Rg%3D%3D,11
HY200,VIDIOT,Connector_PinHeader_2.54mm:PinHeader_1x22_P2.54mm_Vertical,,,,,,,,,,,,1
J200,LPEN,Jumper:SolderJumper-3_P1.3mm_Bridged12_Pad1.0x1.5mm,~,,,,,,,,,,,1
J300,TICK,Jumper:SolderJumper-2_P1.3mm_Bridged_RoundedPad1.0x1.5mm,~,,,,,,,,,,,1
J301,DF1:,Connector_PinHeader_2.54mm:PinHeader_1x02_P2.54mm_Vertical,https://cdn.amphenol-cs.com/media/wysiwyg/files/documentation/datasheet/boardwiretoboard/bwb_bergstik.pdf,,,,,,Amphenol FCI,67996-400HLF,,649-67996-400HLF,https://au.mouser.com/ProductDetail/Amphenol-FCI/67996-400HLF?qs=cpLrBgdhsoHypZ881pDXnQ%3D%3D,1
J351,RESET,Connector_PinHeader_2.54mm:PinHeader_1x02_P2.54mm_Vertical,https://cdn.amphenol-cs.com/media/wysiwyg/files/documentation/datasheet/boardwiretoboard/bwb_bergstik.pdf,,,,,,Amphenol FCI,67996-400HLF,,649-67996-400HLF,https://au.mouser.com/ProductDetail/Amphenol-FCI/67996-400HLF?qs=cpLrBgdhsoHypZ881pDXnQ%3D%3D,1
J360,FLOPPYLED,Connector_PinHeader_2.54mm:PinHeader_1x02_P2.54mm_Vertical,https://cdn.amphenol-cs.com/media/wysiwyg/files/documentation/datasheet/boardwiretoboard/bwb_bergstik.pdf,,,,,,Amphenol FCI,67996-400HLF,,649-67996-400HLF,https://au.mouser.com/ProductDetail/Amphenol-FCI/67996-400HLF?qs=cpLrBgdhsoHypZ881pDXnQ%3D%3D,1
J400,PWR_JMP,Connector_PinHeader_2.54mm:PinHeader_1x02_P2.54mm_Vertical,https://cdn.amphenol-cs.com/media/wysiwyg/files/documentation/datasheet/boardwiretoboard/bwb_bergstik.pdf,,,,,,Amphenol FCI,67996-400HLF,,649-67996-400HLF,https://au.mouser.com/ProductDetail/Amphenol-FCI/67996-400HLF?qs=cpLrBgdhsoHypZ881pDXnQ%3D%3D,1
J460,-5V SELECT,Jumper:SolderJumper-3_P1.3mm_Bridged12_Pad1.0x1.5mm,~,,,,,,,,,,,1
J500,EXRAM,Jumper:SolderJumper-2_P1.3mm_Open_RoundedPad1.0x1.5mm,~,,,,,,,,,,,1
"J519, J520",ROM_A19,Connector_PinHeader_2.54mm:PinHeader_1x03_P2.54mm_Vertical,https://cdn.amphenol-cs.com/media/wysiwyg/files/documentation/datasheet/boardwiretoboard/bwb_econostik_254headers.pdf,,Headers & Wire Housings 2.54MM VT ECONOSTIK HDR,,,,Amphenol FCI,10129378-903001BLF,,649-1012937890301BLF,https://au.mouser.com/ProductDetail/Amphenol-FCI/10129378-903001BLF?qs=0lQeLiL1qybuYTJnitumiA%3D%3D,2
J650,Z98,Connector_PinHeader_2.54mm:PinHeader_1x03_P2.54mm_Vertical,https://cdn.amphenol-cs.com/media/wysiwyg/files/documentation/datasheet/boardwiretoboard/bwb_econostik_254headers.pdf,,Headers & Wire Housings 2.54MM VT ECONOSTIK HDR,,,,Amphenol FCI,10129378-903001BLF,,649-1012937890301BLF,https://au.mouser.com/ProductDetail/Amphenol-FCI/10129378-903001BLF?qs=0lQeLiL1qybuYTJnitumiA%3D%3D,1
J651,Z97,Connector_PinHeader_2.54mm:PinHeader_1x03_P2.54mm_Vertical,https://cdn.amphenol-cs.com/media/wysiwyg/files/documentation/datasheet/boardwiretoboard/bwb_econostik_254headers.pdf,,Headers & Wire Housings 2.54MM VT ECONOSTIK HDR,,,,Amphenol FCI,10129378-903001BLF,,649-1012937890301BLF,https://au.mouser.com/ProductDetail/Amphenol-FCI/10129378-903001BLF?qs=0lQeLiL1qybuYTJnitumiA%3D%3D,1
J900,BGACK,Jumper:SolderJumper-2_P1.3mm_Bridged_RoundedPad1.0x1.5mm,~,,,,,,,,,,,1
J950,14 MHz,Connector_PinHeader_2.54mm:PinHeader_1x02_P2.54mm_Vertical,https://cdn.amphenol-cs.com/media/wysiwyg/files/documentation/datasheet/boardwiretoboard/bwb_bergstik.pdf,,,,,,Amphenol FCI,67996-400HLF,,649-67996-400HLF,https://au.mouser.com/ProductDetail/Amphenol-FCI/67996-400HLF?qs=cpLrBgdhsoHypZ881pDXnQ%3D%3D,1
J1201,RED,Jumper:SolderJumper-2_P1.3mm_Open_RoundedPad1.0x1.5mm,~,,,,,,,,,,,1
J1202,GREEN,Jumper:SolderJumper-2_P1.3mm_Open_RoundedPad1.0x1.5mm,~,,,,,,,,,,,1
J1203,BLUE,Jumper:SolderJumper-2_P1.3mm_Open_RoundedPad1.0x1.5mm,~,,,,,,,,,,,1
J1204,VSYNC,Jumper:SolderJumper-2_P1.3mm_Open_RoundedPad1.0x1.5mm,~,,,,,,,,,,,1
J1205,HSYNC,Jumper:SolderJumper-2_P1.3mm_Open_RoundedPad1.0x1.5mm,~,,,,,,,,,,,1
J1250,PICLK,Jumper:SolderJumper-3_P1.3mm_Bridged12_RoundedPad1.0x1.5mm,~,,,,,,,,,,,1
"Q200, Q201",MMBFJ309LT1G,SMD2000_Footprints:SOT96P237X111-3N,http://www.onsemi.com/pub/Collateral/MMBFJ309LT1-D.PDF,,"ON SEMICONDUCTOR - MMBFJ309LT1G - TRANSISTOR, JFET, N, 25V, SOT-23",,1.11,C58012,onsemi,MMBFJ309LT1G,,863-MMBFJ309LT1G,https://www.mouser.co.uk/ProductDetail/onsemi/MMBFJ309LT1G?qs=HVbQlW5zcXXpftXEfcBAsg%3D%3D,2
"Q202, Q302, Q360-Q363",MMBT3906LT3G,SMD2000_Footprints:SOT96P237X111-3N,http://www.onsemi.com/pub/Collateral/MMBT3906LT1-D.PDF,,"Transistor PNP 40V 200mA SOT-23 ON Semi MMBT3906LT3G PNP Bipolar Transistor,  -800 mA -40 V, 3-Pin SOT-23",,1.11,C232602,onsemi,MMBT3906LT3G,,863-MMBT3906LT3G,https://www.mouser.co.uk/ProductDetail/onsemi/MMBT3906LT3G?qs=HVbQlW5zcXX6Jyx0WYl8Eg%3D%3D,6
"Q300, Q301",SMMBT3904LT1G,SMD2000_Footprints:SOT96P237X111-3N,https://www.onsemi.com/pub/Collateral/MMBT3904LT1-D.PDF,,General Purpose Transistor NPN Silicon,,1.11,C84555,onsemi,SMMBT3904LT1G,,863-SMMBT3904LT1G,https://www.mouser.co.uk/ProductDetail/onsemi/SMMBT3904LT1G?qs=SHm1gYoUFFxP0E8RxmhUgw%3D%3D,2
R104,4.7k,Resistor_SMD:R_0805_2012Metric_Pad1.20x1.40mm_HandSolder,https://www.yageo.com/upload/media/product/productsearch/datasheet/rchip/PYu-RC_Group_51_RoHS_L_11.pdf,,,,,C4279556,Yageo,RC0805FR-104K7L,,603-RC0805FR-104K7L,https://au.mouser.com/ProductDetail/YAGEO/RC0805FR-104K7L?qs=m6lXFsvg5e3qsGC2wfapPw%3D%3D,1
"R105, R106",22,Resistor_SMD:R_0805_2012Metric_Pad1.20x1.40mm_HandSolder,https://www.yageo.com/upload/media/product/productsearch/datasheet/rchip/PYu-RC_Group_51_RoHS_L_11.pdf,,Thick Film Resistors - SMD 47 Ohms 125 mW 0805 5%,,0.6,C108406,YAGEO,RC0805JR-0722RL,,603-RC0805JR-0722RL,https://au.mouser.com/ProductDetail/YAGEO/RC0805JR-0722RL?qs=sGAEpiMZZMukHu%252BjC5l7YbtLlQ%2FJw7yhhHg8Lo8YumI%3D,2
"R109, R201, R300, R309, R362, R364, R500, R806, R807, R902, R916",4.7K,Resistor_SMD:R_0805_2012Metric_Pad1.20x1.40mm_HandSolder,https://www.yageo.com/upload/media/product/productsearch/datasheet/rchip/PYu-RC_Group_51_RoHS_L_11.pdf,,,,,C4279556,Yageo,RC0805FR-104K7L,,603-RC0805FR-104K7L,https://au.mouser.com/ProductDetail/YAGEO/RC0805FR-104K7L?qs=m6lXFsvg5e3qsGC2wfapPw%3D%3D,11
"R110, R114, R115",330,Resistor_SMD:R_0805_2012Metric_Pad1.20x1.40mm_HandSolder,https://www.yageo.com/upload/media/product/productsearch/datasheet/rchip/PYu-RC_Group_51_RoHS_L_11.pdf,,,,,,Yageo,RC0805JR-10330RL,,603-RC0805JR-10330RL,https://au.mouser.com/ProductDetail/YAGEO/RC0805JR-10330RL?qs=fRxXYNj8ftElqNT0Ztj8ng%3D%3D,3
"R111, R801, R917, R1000",470,Resistor_SMD:R_0805_2012Metric_Pad1.20x1.40mm_HandSolder,https://www.yageo.com/upload/media/product/productsearch/datasheet/rchip/PYu-RC_Group_51_RoHS_L_11.pdf,,,,,C4143257,Yageo,RC0805JR-10470RL,,603-RC0805JR-10470RL ,https://au.mouser.com/ProductDetail/YAGEO/RC0805JR-10470RL?qs=fRxXYNj8ftEFZlcbXaHWlw%3D%3D,4
R200,1,Resistor_SMD:R_0805_2012Metric_Pad1.20x1.40mm_HandSolder,https://www.yageo.com/upload/media/product/productsearch/datasheet/rchip/PYu-RC_Group_51_RoHS_L_11.pdf,,,,,C131397,Yageo,RC0805FR-071RL ,,603-RC0805FR-071RL,https://au.mouser.com/ProductDetail/YAGEO/RC0805FR-071RL?qs=8Y8p%252BasKcI5LWCyYnPKX0w%3D%3D,1
"R203, R206, R214, R231, R232, R241, R242, R305, R306, R363, R519, R520, R802, R804",10K,Resistor_SMD:R_0805_2012Metric_Pad1.20x1.40mm_HandSolder,https://www.yageo.com/upload/media/product/productsearch/datasheet/rchip/PYu-RC_Group_51_RoHS_L_11.pdf,,"YAGEO - RC0805FR-0710KL - SMD Chip Resistor, 10 kohm, +/- 1%, 125 mW, 0805 [2012 Metric], Thick Film, General Purpose",,0.6,C84376,YAGEO,RC0805FR-0710KL,,603-RC0805FR-0710KL,https://www.mouser.co.uk/ProductDetail/YAGEO/RC0805FR-0710KL?qs=7bY8808IzHq6vrU3BeiiYw%3D%3D,14
"R204, R205",470K,Resistor_SMD:R_0805_2012Metric_Pad1.20x1.40mm_HandSolder,https://www.yageo.com/upload/media/product/productsearch/datasheet/rchip/PYu-RC_Group_51_RoHS_L_11.pdf,,Thick Film Resistors - SMD 470 kOhms 250 mW 0805 1%,,0.6,,YAGEO,RC0805FR-10470KL,,603-RC0805FR-10470KL,https://au.mouser.com/ProductDetail/YAGEO/RC0805FR-10470KL?qs=m6lXFsvg5e31eJj%252BlvQS4g%3D%3D,2
"R207, R208",10,Resistor_SMD:R_0805_2012Metric_Pad1.20x1.40mm_HandSolder,https://www.yageo.com/upload/media/product/productsearch/datasheet/rchip/PYu-RC_Group_51_RoHS_L_11.pdf,,,,,C3944800,Yageo,RC0805JR-1010RL,,603-RC0805JR-1010RL,https://au.mouser.com/ProductDetail/YAGEO/RC0805JR-1010RL?qs=qpJ%252B%252B%252Bdg6p2OLWAsaBC6Uw%3D%3D,2
"R209, R210",1.2K,Resistor_SMD:R_0805_2012Metric_Pad1.20x1.40mm_HandSolder,https://www.yageo.com/upload/media/product/productsearch/datasheet/rchip/PYu-RC_Group_51_RoHS_L_11.pdf,,,,,C4086736,Yageo,RC0805FR-101K2L,,603-RC0805FR-101K2L ,https://au.mouser.com/ProductDetail/YAGEO/RC0805FR-101K2L?qs=g6xwsc4j%252B%2FqKMlZ4Dwe6Dw%3D%3D,2
R213,2.7K,Resistor_SMD:R_0805_2012Metric_Pad1.20x1.40mm_HandSolder,https://www.yageo.com/upload/media/product/productsearch/datasheet/rchip/PYu-RC_Group_51_RoHS_L_11.pdf,,,,,C4335714,Yageo,RC0805FR-102K7L,,603-RC0805FR-102K7L,https://au.mouser.com/ProductDetail/YAGEO/RC0805FR-102K7L?qs=m6lXFsvg5e3ArP3gkogqOg%3D%3D,1
"R215, R914",1 0.5W,Resistor_SMD:R_1206_3216Metric_Pad1.30x1.75mm_HandSolder,https://www.yageo.com/upload/media/product/productsearch/datasheet/rchip/PYu-RC_Group_51_RoHS_L_11.pdf,,,,,,Yageo,RC1206JR-7W1RL,,603-RC1206JR-7W1RL,https://au.mouser.com/ProductDetail/YAGEO/RC1206JR-7W1RL?qs=NgbZBzc1CyHgxa6iOoSHBQ%3D%3D,2
"R230, R240",360R,Resistor_SMD:R_0805_2012Metric_Pad1.20x1.40mm_HandSolder,https://www.yageo.com/upload/media/product/productsearch/datasheet/rchip/PYu-RC_Group_51_RoHS_L_11.pdf,,,,,,Yageo,RC0805JR-10360RL,,603-RC0805JR-10360RL,https://au.mouser.com/ProductDetail/YAGEO/RC0805JR-10360RL?qs=qpJ%252B%252B%252Bdg6p2yL9OlFhH6UA%3D%3D,2
"R233, R243, R311, R312, R601-R603, R810, R900",1k,Resistor_SMD:R_0805_2012Metric_Pad1.20x1.40mm_HandSolder,https://www.yageo.com/upload/media/product/productsearch/datasheet/rchip/PYu-RC_Group_51_RoHS_L_11.pdf,,,,,C95781,Yageo,RC0805FR-071KL,,603-RC0805FR-071KL,https://au.mouser.com/ProductDetail/YAGEO/RC0805FR-071KL?qs=1ogmaHw32WJjeGY0DHXakQ%3D%3D,9
"R234, R244",390R,Resistor_SMD:R_0805_2012Metric_Pad1.20x1.40mm_HandSolder,https://www.yageo.com/upload/media/product/productsearch/datasheet/rchip/PYu-RC_Group_51_RoHS_L_11.pdf,,,,,,Yageo,RC0805JR-10390RL,,603-RC0805JR-10390RL,https://au.mouser.com/ProductDetail/YAGEO/RC0805JR-10390RL?qs=qpJ%252B%252B%252Bdg6p0INk0eMmW72w%3D%3D,2
"R307, R360, R361",68,Resistor_SMD:R_0805_2012Metric_Pad1.20x1.40mm_HandSolder,https://www.yageo.com/upload/media/product/productsearch/datasheet/rchip/PYu-RC_Group_51_RoHS_L_11.pdf,,,,,C137411,Yageo,RC0805JR-0768RL,,603-RC0805JR-0768RL ,https://au.mouser.com/ProductDetail/YAGEO/RC0805JR-0768RL?qs=KyGMWp10UkvfpcMeshArTg%3D%3D,3
R308,200,Resistor_SMD:R_0805_2012Metric_Pad1.20x1.40mm_HandSolder,https://www.yageo.com/upload/media/product/productsearch/datasheet/rchip/PYu-RC_Group_51_RoHS_L_11.pdf,,,,,,Yageo,RC0805JR-10200RL,,603-RC0805JR-10200RL,https://au.mouser.com/ProductDetail/YAGEO/RC0805JR-10200RL?qs=qpJ%252B%252B%252Bdg6p0RN%252BWAH82hCQ%3D%3D,1
R351,100 K,Resistor_SMD:R_0805_2012Metric_Pad1.20x1.40mm_HandSolder,https://www.yageo.com/upload/media/product/productsearch/datasheet/rchip/PYu-RC_Group_51_RoHS_L_11.pdf,,Thick Film Resistors - SMD 100 kOhms 250 mW 0805 1%,,0.6,C4073370,YAGEO,RC0805FR-10100KL,,603-RC0805FR-10100KL,https://au.mouser.com/ProductDetail/YAGEO/RC0805FR-10100KL?qs=g6xwsc4j%252B%2FqVNq2KE2UHnA%3D%3D,1
"R352, R451-R453, R805",47K,Resistor_SMD:R_0805_2012Metric_Pad1.20x1.40mm_HandSolder,https://www.arrow.com/en/products/rc0805fr-1047kl/yageo?region=nac,,Res Thick Film 0805 47K Ohm 1% 0.125W(1/8W) +/-100ppm/C Pad SMD T/R,,0.6,,YAGEO,RC0805FR-1047KL,,603-RC0805FR-1047KL,https://www.mouser.co.uk/ProductDetail/YAGEO/RC0805FR-1047KL?qs=m6lXFsvg5e1OHsdq8bDkGQ%3D%3D,5
"R904, R905",47,Resistor_SMD:R_0805_2012Metric_Pad1.20x1.40mm_HandSolder,https://www.yageo.com/upload/media/product/productsearch/datasheet/rchip/PYu-RC_Group_51_RoHS_L_11.pdf,,Thick Film Resistors - SMD 47 Ohms 125 mW 0805 5%,,0.6,C114743,YAGEO,RC0805JR-0747RL,,603-RC0805JR-0747RL,https://www.mouser.co.uk/ProductDetail/YAGEO/RC0805JR-0747RL?qs=KyGMWp10UkvBm6%2FVJGlNkg%3D%3D,2
R1201-R1206,75,Resistor_SMD:R_0805_2012Metric_Pad1.20x1.40mm_HandSolder,https://au.mouser.com/datasheet/2/447/YAGEO_PYu_RC_Group_51_RoHS_L_12-3313492.pdf,,Thick Film Resistors - SMD 47 Ohms 125 mW 0805 5%,,0.6,C141697,YAGEO,RC0805FR-0775RL,,603-RC0805FR-0775RL,https://au.mouser.com/ProductDetail/YAGEO/RC0805FR-0775RL?qs=VLOqbHBAO5d0HKIsXtPpHg%3D%3D,6
"R1207, R1208",100,Resistor_SMD:R_0805_2012Metric_Pad1.20x1.40mm_HandSolder,https://www.yageo.com/upload/media/product/productsearch/datasheet/rchip/PYu-RC_Group_51_RoHS_L_11.pdf,,,,,,Yageo,RC0805JR-10100RL,,603-RC0805JR-10100RL,https://au.mouser.com/ProductDetail/YAGEO/RC0805JR-10100RL?qs=fRxXYNj8ftGQrSLHkyJa2A%3D%3D,2
R1209,3.3K,Resistor_SMD:R_0805_2012Metric_Pad1.20x1.40mm_HandSolder,https://www.yageo.com/upload/media/product/productsearch/datasheet/rchip/PYu-RC_Group_51_RoHS_L_11.pdf,,,,,C859147,Yageo,RC0805JR-7W3K3L,,603-RC0805JR-7W3K3L,https://au.mouser.com/ProductDetail/YAGEO/RC0805JR-7W3K3L?qs=tggtontpCXNHaIBZ7gfOiA%3D%3D,1
RE218,4.7R,Resistor_SMD:R_0805_2012Metric_Pad1.20x1.40mm_HandSolder,https://www.yageo.com/upload/media/product/productsearch/datasheet/rchip/PYu-RC_Group_51_RoHS_L_11.pdf,,,,,C137513,Yageo,RC0805FR-074R7L,,603-RC0805FR-074R7L ,https://au.mouser.com/ProductDetail/YAGEO/RC0805FR-074R7L?qs=VLOqbHBAO5e6w0tsFkb2KQ%3D%3D,1
"RE230-RE243, RE300-RE309, RE326-RE331, RE333, RE335-RE338",68,Resistor_SMD:R_0805_2012Metric_Pad1.20x1.40mm_HandSolder,https://www.yageo.com/upload/media/product/productsearch/datasheet/rchip/PYu-RC_Group_51_RoHS_L_11.pdf,,,,,C137411,Yageo,RC0805JR-0768RL,,603-RC0805JR-0768RL ,https://au.mouser.com/ProductDetail/YAGEO/RC0805JR-0768RL?qs=KyGMWp10UkvfpcMeshArTg%3D%3D,35
RE310,47 0.5W,Resistor_SMD:R_1210_3225Metric_Pad1.30x2.65mm_HandSolder,https://www.yageo.com/upload/media/product/productsearch/datasheet/rchip/PYu-RC_Group_51_RoHS_L_11.pdf,,Thick Film Resistors - SMD 47 Ohms 500 mW 1210 1%,,0.55 mm,C718247,YAGEO,RC1210FR-0747RL,,603-RC1210FR-0747RL,https://au.mouser.com/ProductDetail/YAGEO/RC1210FR-0747RL?qs=H6bTqIa4pvXsBuC3GQf3WA%3D%3D,1
RE325,47,Resistor_SMD:R_0805_2012Metric_Pad1.20x1.40mm_HandSolder,https://www.yageo.com/upload/media/product/productsearch/datasheet/rchip/PYu-RC_Group_51_RoHS_L_11.pdf,,Thick Film Resistors - SMD 47 Ohms 125 mW 0805 5%,,0.6,C114743,YAGEO,RC0805JR-0747RL,,603-RC0805JR-0747RL,https://www.mouser.co.uk/ProductDetail/YAGEO/RC0805JR-0747RL?qs=KyGMWp10UkvBm6%2FVJGlNkg%3D%3D,1
"RP100, RP200, RP801, RP900, RP901, RP904, RP905",4.7k x8,SMD2000_Footprints:EXBD10C102J,http://industrial.panasonic.com/www-cgi/jvcr13pz.cgi?E+PZ+3+AOC0003+EXBD10C102J+7+WW,,,,0.65,C2654036,Panasonic,EXB-D10C472J,,667-EXB-D10C472J,https://au.mouser.com/ProductDetail/Panasonic/EXB-D10C472J?qs=uA7cY%2Fh6FfXjb27uJaC1rg%3D%3D,7
RP100.9,4.7K,Resistor_SMD:R_0805_2012Metric_Pad1.20x1.40mm_HandSolder,https://www.yageo.com/upload/media/product/productsearch/datasheet/rchip/PYu-RC_Group_51_RoHS_L_11.pdf,,,,,C4279556,Yageo,RC0805FR-104K7L,,603-RC0805FR-104K7L,https://au.mouser.com/ProductDetail/YAGEO/RC0805FR-104K7L?qs=m6lXFsvg5e3qsGC2wfapPw%3D%3D,1
RP101,2.7k x8,SMD2000_Footprints:EXBD10C102J,http://industrial.panasonic.com/www-cgi/jvcr13pz.cgi?E+PZ+3+AOC0003+EXBD10C102J+7+WW,,,,0.65,C1731200,Panasonic,EXB-D10C272J,,667-EXB-D10C272J,https://au.mouser.com/ProductDetail/Panasonic/EXB-D10C272J?qs=uA7cY%2Fh6FfUXvWL%252Bj%2FYLWA%3D%3D,1
RP101.9,2.7K,Resistor_SMD:R_0805_2012Metric_Pad1.20x1.40mm_HandSolder,https://www.yageo.com/upload/media/product/productsearch/datasheet/rchip/PYu-RC_Group_51_RoHS_L_11.pdf,,,,,C4335714,Yageo,RC0805FR-102K7L,,603-RC0805FR-102K7L,https://au.mouser.com/ProductDetail/YAGEO/RC0805FR-102K7L?qs=m6lXFsvg5e3ArP3gkogqOg%3D%3D,1
"RP102, RP902, RP907",47Rx4,SMD2000_Footprints:CAY1647R0F4LF,https://www.bourns.com/docs/Product-Datasheets/CATCAY.pdf,,"BOURNS - CAY16-47R0F4LF - RES N/W, ISOLATED, 47R, 0.063W, 1206",,0.6,,Bourns,CAY16-47R0F4LF,,652-CAY16-47R0F4LF,https://www.mouser.co.uk/ProductDetail/Bourns/CAY16-47R0F4LF?qs=%252BG4UmwsSIwOOTb%252B2qPYdcw%3D%3D,3
"RP203.2, RP203.3",47,Resistor_SMD:R_0805_2012Metric_Pad1.20x1.40mm_HandSolder,https://www.yageo.com/upload/media/product/productsearch/datasheet/rchip/PYu-RC_Group_51_RoHS_L_11.pdf,,Thick Film Resistors - SMD 47 Ohms 125 mW 0805 5%,,0.6,C114743,YAGEO,RC0805JR-0747RL,,603-RC0805JR-0747RL,https://www.mouser.co.uk/ProductDetail/YAGEO/RC0805JR-0747RL?qs=KyGMWp10UkvBm6%2FVJGlNkg%3D%3D,2
RP204,68R,SMD2000_Footprints:CAY1647R0F4LF,https://www.bourns.com/docs/Product-Datasheets/CATCAY.pdf,,"BOURNS - CAY16-68R0F4LF - RES N/W, ISOLATED, 68R, 0.063W, 1206",,0.6,,Bourns,CAY16-68R0F4LF,,652-CAY16-68R0F4LF,https://au.mouser.com/ProductDetail/Bourns/CAY16-68R0F4LF?qs=DNfJUgYH4ChJ1s%2FRkIT2gw%3D%3D,1
"RP205, RP301, RP601-RP606, RP800, RP903",1k x8,SMD2000_Footprints:EXBD10C102J,http://industrial.panasonic.com/www-cgi/jvcr13pz.cgi?E+PZ+3+AOC0003+EXBD10C102J+7+WW,,,,0.65,C1731193,Panasonic,EXB-D10C102J,,667-EXB-D10C102J,https://www.mouser.co.uk/ProductDetail/Panasonic/EXB-D10C102J/?qs=uA7cY%2Fh6FfXxVqofmB4hRg%3D%3D,10
"RP300, RP600",10k x8,SMD2000_Footprints:EXBD10C102J,http://industrial.panasonic.com/www-cgi/jvcr13pz.cgi?E+PZ+3+AOC0003+EXBD10C102J+7+WW,,,,0.65,C278696,Panasonic,EXB-D10C103J,,667-EXB-D10C103J,https://au.mouser.com/ProductDetail/Panasonic/EXB-D10C103J?qs=uA7cY%2Fh6FfVazDzaoKDWyg%3D%3D,2
RP607.1,1k,Resistor_SMD:R_0805_2012Metric_Pad1.20x1.40mm_HandSolder,https://www.yageo.com/upload/media/product/productsearch/datasheet/rchip/PYu-RC_Group_51_RoHS_L_11.pdf,,,,,C95781,Yageo,RC0805FR-071KL,,603-RC0805FR-071KL,https://au.mouser.com/ProductDetail/YAGEO/RC0805FR-071KL?qs=1ogmaHw32WJjeGY0DHXakQ%3D%3D,1
RP802,1k,SMD2000_Footprints:CAY16-103J4LF,http://www.bourns.com/docs/Product-Datasheets/CATCAY.pdf,,,,,C784824,Bourns,CAY16-102J4LF,,652-CAY16-102J4LF,https://www.mouser.co.uk/ProductDetail/Bourns/CAY16-102J4LF?qs=LCMWAU1DZcxTp%252BoNHGBb3Q%3D%3D,1
RP908.1,1k,Resistor_SMD:R_0805_2012Metric_Pad1.20x1.40mm_HandSolder,https://www.yageo.com/upload/media/product/productsearch/datasheet/rchip/PYu-RC_Group_51_RoHS_L_11.pdf,,,,,C95781,Yageo,RC0805FR-071KL,,603-RC0805FR-071KL,https://au.mouser.com/ProductDetail/YAGEO/RC0805FR-071KL?qs=1ogmaHw32WJjeGY0DHXakQ%3D%3D,1
U102,GARY,Package_DIP:DIP-48_W15.24mm_Socket_LongPads,https://au.mouser.com/datasheet/2/1/28ee42f6da6f8c4339adfd7d572e1cf1acfab337-2951721.pdf,,,,,,3M Electronic Solutions Division,4848-6004-CP,,517-4848-6004-CP,https://au.mouser.com/ProductDetail/3M-Electronic-Solutions-Division/4848-6004-CP?qs=IGgAdOvCTsQ8wuLxNjHy3Q%3D%3D,1
"U103, U105",SN74F245DWR,SMD2000_Footprints:SOIC127P1030X265-20N,http://www.ti.com/lit/gpn/sn74f245,,Octal bus transceivers,,2.65,C7165,Texas Instruments,SN74F245DWR,Modified by Red Keg for the SMD2000 Project,595-SN74F245DWR,https://www.mouser.co.uk/ProductDetail/Texas-Instruments/SN74F245DWR?qs=nMmhAzRCgdDB0BuT4Tb74Q%3D%3D,2
"U104, U106",SN74LS373DWR,SMD2000_Footprints:SOIC127P1030X265-20N,http://www.ti.com/lit/gpn/sn74ls373,,,,2.65,C2867545,Texas Instruments,SN74LS373DWR,,595-SN74LS373DWR,https://www.mouser.co.uk/ProductDetail/Texas-Instruments/SN74LS373DWR?qs=4FFjqLL55bR6x3WZek%252BFgQ%3D%3D,2
U107,SN74F04DR,SMD2000_Footprints:SOIC127P600X175-14N,http://www.ti.com/lit/gpn/sn74f04,,"Texas Instruments SN74F04DR, Bipolar Hex Inverter 20mA, 4.5  5.5 V, 14-Pin SOIC",,1.75,C7159,Texas Instruments,SN74F04DR,,595-SN74F04DR,https://www.mouser.co.uk/ProductDetail/Texas-Instruments/SN74F04DR?qs=HE9hdJajmepJdZ8WqaZGOA%3D%3D,1
U108,SN74LS74ADR,SMD2000_Footprints:SOIC127P600X175-14N,http://www.ti.com/lit/gpn/sn74ls74a,,Dual D-type pos.-edge-triggered flip-flops with preset and clear,,1.75,C39990,Texas Instruments,SN74LS74ADR,,595-SN74LS74ADR,https://www.mouser.co.uk/ProductDetail/Texas-Instruments/SN74LS74ADR?qs=UG%2F8xqv%2F6WdOEnCo3YslYA%3D%3D,1
U200,PAULA,Package_DIP:DIP-48_W15.24mm_Socket_LongPads,https://au.mouser.com/datasheet/2/1/28ee42f6da6f8c4339adfd7d572e1cf1acfab337-2951721.pdf,,,,,,3M Electronic Solutions Division,4848-6004-CP,,517-4848-6004-CP,https://au.mouser.com/ProductDetail/3M-Electronic-Solutions-Division/4848-6004-CP?qs=IGgAdOvCTsQ8wuLxNjHy3Q%3D%3D,1
U201,DENISE,Package_DIP:DIP-48_W15.24mm_Socket_LongPads,https://au.mouser.com/datasheet/2/1/28ee42f6da6f8c4339adfd7d572e1cf1acfab337-2951721.pdf,,,,,,3M Electronic Solutions Division,4840-6000-CP,,517-4840-6000-CP,https://au.mouser.com/ProductDetail/3M-Electronic-Solutions-Division/4840-6000-CP?qs=IGgAdOvCTsSupLulAZdH%252BA%3D%3D,1
U202,SN74LS157DR,SMD2000_Footprints:SOIC127P600X175-16N,https://datasheet.datasheetarchive.com/originals/distributors/Datasheets-19/DSA-379526.pdf,,Quadruple 2-Line To 1-Line Data Selectors/Multiplexers,,1.75,C2653294,Texas Instruments,SN74LS157DR,,595-SN74LS157DR,https://www.mouser.co.uk/ProductDetail/Texas-Instruments/SN74LS157DR?qs=SL3LIuy2dWw%2F%252Bp7AA8LUjg%3D%3D,1
U203,SN74LS38DR,SMD2000_Footprints:SOIC127P600X175-14N,http://www.ti.com/lit/gpn/SN74LS38,,Quad 2-input positive-NAND buffers with open collector outputs,,1.75,C7766,Texas Instruments,SN74LS38DR,,595-SN74LS38DR,https://www.mouser.co.uk/ProductDetail/Texas-Instruments/SN74LS38DR?qs=SL3LIuy2dWwvHJXl0hClgA%3D%3D,1
U204,LF347DR,SMD2000_Footprints:SOIC127P600X175-14N,http://www.ti.com/lit/gpn/lf347,,"Texas Instruments LF347DR, Quad Op Amp, 3MHz, 14-Pin SOIC",,1.75,C7917,Texas Instruments,LF347DR,,595-LF347DR,https://www.mouser.co.uk/ProductDetail/Texas-Instruments/LF347DR?qs=WzgTT80quPHCFaG6xhwYlw%3D%3D,1
"U205, U206",SN74HCT244DWRG4,SMD2000_Footprints:SOIC127P1030X265-20N,https://www.ti.com/general/docs/suppproductinfo.tsp?distId=10&gotoUrl=https%3A%2F%2Fwww.ti.com%2Flit%2Fgpn%2Fsn74hct244,,Buffer/Line Driver 8-CH Non-Inverting 3-ST CMOS 20-Pin SOIC T/R,,2.65,-- mixed values --,Texas Instruments,SN74HCT244DWRG4,,595-SN74HCT244DWRG4,https://www.mouser.co.uk/ProductDetail/Texas-Instruments/SN74HCT244DWRG4?qs=XQzc%252BbSrk5%252BkrjJHsjpLYg%3D%3D,2
"U300, U301",CIA,Package_DIP:DIP-40_W15.24mm_Socket_LongPads,https://au.mouser.com/datasheet/2/1/28ee42f6da6f8c4339adfd7d572e1cf1acfab337-2951721.pdf,,,,,,3M Electronic Solutions Division,4840-6000-CP,,517-4840-6000-CP,https://au.mouser.com/ProductDetail/517-4840-6000-CP,2
U302,SN74LS32DR,SMD2000_Footprints:SOIC127P600X175-14N,http://www.ti.com/lit/gpn/sn74ls32,,Quad 2-input positive-OR gates,,1.75,C116812,Texas Instruments,SN74LS32DR,,595-SN74LS32DR,https://www.mouser.co.uk/ProductDetail/Texas-Instruments/SN74LS32DR?qs=SL3LIuy2dWwtfBSQ6o0JPg%3D%3D,1
U303,SN74F08D,SMD2000_Footprints:SOIC127P600X175-14N,http://www.ti.com/lit/ds/symlink/sn74f08.pdf,,Quadruple 2-Input Positive-AND Gate,,1.75,C2878688,Texas Instruments,SN74F08D,Modified by Red Keg for the SMD2000 Project,595-SN74F08D,https://www.mouser.co.uk/ProductDetail/Texas-Instruments/SN74F08D?qs=6gY4t2uohMwEkHC2kqCuxA%3D%3D,1
U304,MAX1488ECSD+,SMD2000_Footprints:SOIC127P600X175-14N,https://datasheet.datasheetarchive.com/originals/distributors/Datasheets-17/DSA-339900.pdf,,"MAX1488ECSD+, Quad EIA/TIA-232, EIA/TIA/RS-562, ITU-V.28, RS-232, Line Transmitter, 14-Pin SOIC",,1.75,C2671966,Analog Devices,MAX1488ECSD+,,700-MAX1488ECSD,https://www.mouser.co.uk/ProductDetail/Maxim-Integrated/MAX1488ECSD%2b?qs=1THa7WoU59EVJlBdD4fJ4Q%3D%3D,1
U305,MAX1489ECSD+,SMD2000_Footprints:SOIC127P600X175-14N,https://componentsearchengine.com/Datasheets/1/MAX1489ECSD+.pdf,,"MAX1489ECSD+, Line Receiver, EIA/TIA-562, EIA/TIA-232, RS-232, V.28, Quad 5 V 14-Pin SOIC",,1.75,C1543802,Analog Devices,MAX1489ECSD+,,700-MAX1489ECSD,https://www.mouser.com/Search/Refine.aspx?Keyword=700-MAX1489ECSD,1
"U351, U1251",SN74HCT14DR,SMD2000_Footprints:SOIC127P600X175-14N,http://www.ti.com/lit/ds/symlink/sn74hct14.pdf,,,,1.75,C6769,Texas Instruments,SN74HCT14DR,,595-SN74HCT14DR,https://www.mouser.co.uk/ProductDetail/Texas-Instruments/SN74HCT14DR?qs=SL3LIuy2dWxogEVGE105Iw%3D%3D,2
U450,NE555PSR,SMD2000_Footprints:SOIC127P780X200-8N,http://www.ti.com/lit/ds/symlink/ne555.pdf,,,,2,,Texas Instruments,NE555PSR,,595-NE555PSR,https://www.mouser.co.uk/ProductDetail/Texas-Instruments/NE555PSR?qs=gb35HGp1gQIkDLbDNL%252B5gQ%3D%3D,1
U451,SN74LVC1G04DBVR,SMD2000_Footprints:SOT95P280X145-5N,http://www.ti.com/lit/gpn/sn74lvc1g04,,,,1.45,C7827,Texas Instruments,SN74LVC1G04DBVR,,595-SN74LVC1G04DBVR,https://www.mouser.co.uk/ProductDetail/Texas-Instruments/SN74LVC1G04DBVR?qs=AMJt07B76utiScZvQx5a7w%3D%3D,1
U460,LM2990S-5.0_NOPB,SMD2000_Footprints:TO254P1435X464-4N,http://www.ti.com/lit/ds/symlink/lm2990.pdf,,1A Negative LDO Regulator  LM2990S-5.0,,4.64,C201697,Texas Instruments,LM2990S-5.0/NOPB,,926-LM2990S-5.0/NOPB,https://www.mouser.co.uk/ProductDetail/Texas-Instruments/LM2990S-5.0-NOPB?qs=X1J7HmVL2ZGPbyZaw1aC7A%3D%3D,1
U500,ROM,Package_DIP:DIP-42_W15.24mm_Socket_LongPads,https://au.mouser.com/datasheet/2/1/28ee42f6da6f8c4339adfd7d572e1cf1acfab337-2951721.pdf,,,,,,3M Electronic Solutions Division,4842-6000-CP,,517-4842-6000-CP,https://au.mouser.com/ProductDetail/3M-Electronic-Solutions-Division/4842-6000-CP?qs=IGgAdOvCTsQM0K8hrvu2KA%3D%3D,1
"U600, U601, U603, U604",SN74LS245NSR,SMD2000_Footprints:SOIC127P780X200-20N,http://www.ti.com/lit/gpn/sn74ls245,,,,2,C7753,Texas Instruments,SN74LS245NSR,,595-SN74LS245NSR,https://www.mouser.co.uk/ProductDetail/Texas-Instruments/SN74LS245NSR?qs=SL3LIuy2dWxnZT3XTjNvUA%3D%3D,4
"U602, U605",SN74ALS245ANSR,SMD2000_Footprints:SOIC127P780X200-20N,https://www.ti.com/lit/gpn/sn74als245a,,Octal bus transceivers,,2.65,C2675891,Texas Instruments,SN74ALS245ANSR,,595-SN74ALS245ANSR,https://au.mouser.com/ProductDetail/Texas-Instruments/SN74ALS245ANSR?qs=zhgwDAIOVxtpgGHqtaHDUA%3D%3D,2
"U607, U803",SN74LS08DR,SMD2000_Footprints:SOIC127P600X175-14N,http://www.ti.com/lit/gpn/sn74ls08,,Quadruple 2-Input Positive-AND Gates,,1.75,C6802,Texas Instruments,SN74LS08DR,,595-SN74LS08DR,https://www.mouser.co.uk/ProductDetail/Texas-Instruments/SN74LS08DR?qs=SL3LIuy2dWwzq5fnFo78kw%3D%3D,2
U800,BUSTER,Package_DIP:DIP-48_W15.24mm_Socket_LongPads,https://au.mouser.com/datasheet/2/1/28ee42f6da6f8c4339adfd7d572e1cf1acfab337-2951721.pdf,,,,,,3M Electronic Solutions Division,4848-6004-CP,,517-4848-6004-CP,https://au.mouser.com/ProductDetail/3M-Electronic-Solutions-Division/4848-6004-CP?qs=IGgAdOvCTsQ8wuLxNjHy3Q%3D%3D,1
U801,MSM6242,Package_DIP:DIP-18_W7.62mm_LongPads,https://au.mouser.com/datasheet/2/418/9/ENG_DS_1_1773906_9_DIP_Socket_QRG_0117-3336847.pdf,,,,,,TE Connectivity,1-2199298-5,,571-1-2199298-5,https://au.mouser.com/ProductDetail/571-1-2199298-5,1
U802,SN74LS138DR,SMD2000_Footprints:SOIC127P600X175-16N,http://www.ti.com/lit/pdf/sdls014,,,,1.75,C7736,Texas Instruments,SN74LS138DR,,595-SN74LS138DR,https://www.mouser.co.uk/ProductDetail/Texas-Instruments/SN74LS138DR?qs=SL3LIuy2dWwYDw%252Bne7f7PA%3D%3D,1
U804,SN74LS148DR,SMD2000_Footprints:SOIC127P600X175-16N,http://www.ti.com/lit/gpn/SN74LS148,,8-line to 3-line priority encoder,,1.75,C2674594,Texas Instruments,SN74LS148DR,,595-SN74LS148DR,https://www.mouser.co.uk/ProductDetail/Texas-Instruments/SN74LS148DR?qs=N6WZOzgtpqUYbR2JHrDnOg%3D%3D,1
U805,LM339DR,SMD2000_Footprints:SOIC127P600X175-14N,http://www.ti.com/lit/gpn/lm339,,Quad Differential Comparator,,1.75,C7948,Texas Instruments,LM339DR,,595-LM339DR,https://www.mouser.co.uk/ProductDetail/Texas-Instruments/LM339DR?qs=vxEfx8VrU7Aps9Hd52ppTA%3D%3D,1
U900,SN74F00DR,SMD2000_Footprints:SOIC127P600X175-14N,http://www.ti.com/lit/gpn/sn74f00,,Quad 2-input positive-NAND gates,,1.75,C7158,Texas Instruments,SN74F00DR,,595-SN74F00DR,https://www.mouser.co.uk/ProductDetail/Texas-Instruments/SN74F00DR?qs=mE33ZKBHyE40l5ldJnY1yg%3D%3D,1
U1201,THS7316DRG4,SMD2000_Footprints:SOIC127P600X175-8N,https://www.ti.com/lit/ds/symlink/ths7316.pdf?HQS=dis-dk-null-digikeymode-dsf-pf-null-wwe&ts=1629469317583&ref_url=https%253A%252F%252Fwww.digikey.be%252F,,,,1.75,C2678439,Texas Instruments,THS7316DRG4,,595-THS7316DRG4,https://www.mouser.co.uk/ProductDetail/Texas-Instruments/THS7316DRG4?qs=6RlL8P85hLFKyG30h1Llvw%3D%3D,1
"U1202, U1203",SN74LVC86ADRG4,SMD2000_Footprints:SOIC127P600X175-14N,https://www.ti.com/lit/ds/symlink/sn74lvc86a.pdf?HQS=dis-dk-null-digikeymode-dsf-pf-null-wwe&ts=1639313704644&ref_url=https%253A%252F%252Fwww.ti.com%252Fgeneral%252Fdocs%252Fsuppproductinfo.tsp%253FdistId%253D10%2526gotoUrl%253Dhttps%253A%252F%252Fwww.ti.,,Logic Gates Quadruple 2-Input Exclusive-OR Gate,,1.75,,Texas Instruments,SN74LVC86ADRG4,,595-SN74LVC86ADRG4,https://www.mouser.co.uk/ProductDetail/Texas-Instruments/SN74LVC86ADRG4?qs=dT9u2OTAaVVqP3thqxF4VQ%3D%3D,2
"U1204, U1205",SN74LVC574APWR,SMD2000_Footprints:SOP65P640X120-20N,http://www.ti.com/lit/gpn/sn74lvc574a,,"Texas Instruments SN74LVC574APWR Flip Flop IC, 3-State, 1.65  3.6 V, 20-Pin TSSOP",,1.2,C7672,Texas Instruments,SN74LVC574APWR,,595-SN74LVC574APWR,https://www.mouser.co.uk/ProductDetail/Texas-Instruments/SN74LVC574APWR?qs=VolsR0DjNPrSn%2FJ5zkRdXQ%3D%3D,2
VC800,8-50pF,SMD2000_Footprints:JR500HV,https://au.mouser.com/datasheet/2/218/knowles_12132018_J_Series_Trim-1510080.pdf,,Trimmer/Variable Capacitors 8.0 - 50PF 100V,,1.35,,Knowles Voltronics,JR500,,768-JR500,https://au.mouser.com/ProductDetail/Knowles-Voltronics/JR500?qs=OlC7AqGiEDn2oFYU%252BcaEDw%3D%3D,1
XC1,270 pF,Capacitor_SMD:C_0805_2012Metric_Pad1.18x1.45mm_HandSolder,https://componentsearchengine.com/Datasheets/1/06031A100FAT2A.pdf,,"AVX 0805 270pF Ceramic Multilayer Capacitor, 50 V dc, +125C, C0G Dielectric, +/-5%",,0.94,C2180917,AVX,08055A271JAT2A,,581-08055A271J,https://www.mouser.co.uk/ProductDetail/AVX/08055A271JAT2A?qs=o2Ryk6%252BtLJtmWp8Z%252BRBEFA%3D%3D,1
XR1,68,Resistor_SMD:R_0805_2012Metric_Pad1.20x1.40mm_HandSolder,https://www.yageo.com/upload/media/product/productsearch/datasheet/rchip/PYu-RC_Group_51_RoHS_L_11.pdf,,,,,C137411,Yageo,RC0805JR-0768RL,,603-RC0805JR-0768RL ,https://au.mouser.com/ProductDetail/YAGEO/RC0805JR-0768RL?qs=KyGMWp10UkvfpcMeshArTg%3D%3D,1
XRP1.1,3.3K,Resistor_SMD:R_0805_2012Metric_Pad1.20x1.40mm_HandSolder,https://www.yageo.com/upload/media/product/productsearch/datasheet/rchip/PYu-RC_Group_51_RoHS_L_11.pdf,,,,,C859147,Yageo,RC0805JR-7W3K3L,,603-RC0805JR-7W3K3L,https://au.mouser.com/ProductDetail/YAGEO/RC0805JR-7W3K3L?qs=tggtontpCXNHaIBZ7gfOiA%3D%3D,1
Y800,VT200F-32768 Hz,SMD2000_Footprints:VT200F125PF20PPM,https://datasheet.datasheetarchive.com/originals/distributors/Datasheets_SAMA/ea8b97956d683605aa7c07d4b6a92d73.pdf,,"Crystals 32.768kHz 12.5pF +/- 20PPM, 2-pin",,6.1,,Seiko Semiconductors,VT200F-12.5PF20PPM,,628-VT200-F-0368,https://www.mouser.co.uk/ProductDetail/Seiko-Semiconductors/VT200F-12.5PF20PPM?qs=J%252BIerHc7sDoWZT0qrV3VxA%3D%3D,1
